{
  "lastUpdated": "2025-10-17T00:00:00Z",
  "todos": [
    { "id": 1, "title": "Setup & run backend", "status": "completed" },
    { "id": 2, "title": "Setup & run frontend", "status": "in-progress" },
    { "id": 3, "title": "Create test accounts & seed data", "status": "in-progress" },
    { "id": 4, "title": "Test appointment flows", "status": "in-progress" },
    { "id": 5, "title": "Fix backend bugs & improve responses", "status": "in-progress" },
    { "id": 6, "title": "Fix frontend UX & responsive design", "status": "in-progress" },
    { "id": 7, "title": "Security & validation audit", "status": "not-started" },
    { "id": 8, "title": "Run lint/build/tests", "status": "not-started" },
    { "id": 9, "title": "Report & final cleanup", "status": "not-started" }
  ],
  "notes": "Progress saved by assistant. Resume when ready."
}
// Tell me “resume” (or paste here whatever changed). I’ll read backend/todo_progress.json and continue from the saved state.
// If you want, I can also:
// Commit these files to a branch if you use git.
// Create a single-file ZIP with the todo snapshot if you prefer.